{
  "agent_name": "counterfactual_alpha_0.5_gamma_0.05",
  "total_episodes": 2000,
  "mean_reward": 0.8153508126925169,
  "final_reward_mean": 0.7271495279551743,
  "regret_sensitivity": 0.836,
  "mean_alpha": 0.5
}