{
  "agent_name": "counterfactual_alpha_0.8_gamma_0.1",
  "total_episodes": 2000,
  "mean_reward": 0.8181922937567049,
  "final_reward_mean": 0.7271495279551743,
  "regret_sensitivity": 0.552,
  "mean_alpha": 0.8000000000000002
}