{
  "agent_name": "counterfactual_alpha_0.8_gamma_0.01",
  "total_episodes": 2000,
  "mean_reward": 0.2362264722943104,
  "final_reward_mean": 0.2768170467259567,
  "regret_sensitivity": 0.9675,
  "mean_alpha": 0.8000000000000002
}