{
  "agent_name": "counterfactual_alpha_0.0_gamma_0.1",
  "total_episodes": 2000,
  "mean_reward": 0.8165409810388397,
  "final_reward_mean": 0.7271495279551743,
  "regret_sensitivity": 0.501,
  "mean_alpha": 0.0
}