{
  "agent_name": "counterfactual_alpha_0.8_gamma_0.05",
  "total_episodes": 2000,
  "mean_reward": 0.8181477327509313,
  "final_reward_mean": 0.7271495279551743,
  "regret_sensitivity": 0.917,
  "mean_alpha": 0.8000000000000002
}